CTE, steer_value
0.7598,-1
0.7598,-0.133023
0.7598,-0.13328
0.7598,-0.133537
0.7598,-0.133795
0.7598,-0.134052
0.7599,-0.134579
0.7598,-0.134313
0.7597,-0.134553
0.7596,-0.134793
0.7594,-0.134762
0.7593,-0.135254
0.7591,-0.135224
0.7589,-0.135446
0.7587,-0.135667
0.7585,-0.135889
0.7582,-0.135841
0.758,-0.136315
0.7576,-0.135997
0.7574,-0.136723
0.757,-0.136404
0.7567,-0.136861
0.7562,-0.136524
0.7559,-0.137233
0.7553,-0.136626
0.755,-0.137587
0.7543,-0.13671
0.7539,-0.137653
0.7531,-0.136758
0.7527,-0.137953
0.7518,-0.136788
0.7513,-0.137965
0.7504,-0.137052
0.7498,-0.137959
0.7487,-0.136758
0.7481,-0.138169
0.7455,-0.132917
0.7433,-0.133795
0.7418,-0.135552
0.741,-0.137431
0.7393,-0.135112
0.7374,-0.134525
0.7364,-0.136872
0.7344,-0.134247
0.7333,-0.136576
0.731,-0.133392
0.7298,-0.136207
0.7273,-0.132735
0.726,-0.135784
0.7232,-0.131753
0.7218,-0.135288
0.7187,-0.130698
0.7171,-0.134449
0.7138,-0.129822
0.7102,-0.128677
0.7084,-0.133148
0.7046,-0.127674
0.7026,-0.132108
0.6985,-0.126327
0.6963,-0.130976
0.6919,-0.124888
0.6896,-0.130023
0.6848,-0.123105
0.6823,-0.128707
0.6772,-0.121482
0.6718,-0.12001
0.6691,-0.126583
0.6634,-0.118238
0.6604,-0.124756
0.6543,-0.116086
0.6512,-0.123341
0.6447,-0.11384
0.6414,-0.121562
0.6345,-0.111483
0.631,-0.119671
0.6274,-0.119003
0.6199,-0.108057
0.6161,-0.116946
0.6082,-0.105421
0.6042,-0.114776
0.5959,-0.102672
0.5917,-0.112492
0.583,-0.0998099
0.5785,-0.109826
0.574,-0.109235
0.5646,-0.0954144
0.5598,-0.106382
0.55,-0.0922337
0.5451,-0.103936
0.5359,-0.0916554
0.5316,-0.103458
0.5276,-0.103696
0.5209,-0.0958866
0.5183,-0.105961
0.5166,-0.108112
0.516,-0.110959
0.5059,-0.0853815
0.495,-0.0816281
0.49,-0.0958194
0.4855,-0.0964614
0.477,-0.0850404
0.4731,-0.0961353
0.4693,-0.0958839
0.4622,-0.0864695
0.4587,-0.0951043
0.452,-0.0860088
0.4487,-0.0941701
0.4454,-0.0937453
0.4387,-0.0841403
0.4352,-0.0917571
0.428,-0.0813038
0.4243,-0.0896395
0.4206,-0.0891366
0.4128,-0.0775634
0.4088,-0.0865992
0.4006,-0.0746996
0.3963,-0.0839313
0.3877,-0.0717052
0.3833,-0.0816725
0.3788,-0.0807634
0.3696,-0.0674165
0.3648,-0.0778128
0.3552,-0.0641387
0.3502,-0.0750002
0.3452,-0.074245
0.3349,-0.0591795
0.3297,-0.0712617
0.3244,-0.0701947
0.3135,-0.0542598
0.3079,-0.0667698
0.2967,-0.0507769
0.2909,-0.0634988
0.2852,-0.0628538
0.2734,-0.0454859
0.2674,-0.0591749
0.2614,-0.058217
0.2491,-0.0402487
0.2428,-0.0543821
0.2365,-0.0533634
0.2237,-0.0347943
0.2172,-0.0496417
0.2042,-0.0310311
0.1977,-0.0463769
0.1911,-0.045038
0.1777,-0.0255911
0.1709,-0.041128
0.1573,-0.0216394
0.1505,-0.0376744
0.1436,-0.0362672
0.1297,-0.0162119
0.1227,-0.0324551
0.1157,-0.0312735
0.1017,-0.0111913
0.0945,-0.0271376
0.0876,-0.0267214
0.0733,-0.00556723
0.066,-0.0219914
0.0518,-0.00210999
0.0448,-0.0190844
0.0377,-0.0176064
0.0235,0.00278966
0.0163,-0.0136352
0.0022,0.00624562
-0.0049,-0.0101895
-0.0119,-0.00921716
-0.026,0.0111782
-0.033,-0.00551735
-0.0468,0.0140752
-0.0538,-0.00185579
-0.0606,-0.00115437
-0.0744,0.0189525
-0.0813,0.0027609
-0.0946,0.0212724
-0.1013,0.00581018
-0.1078,0.00647526
-0.1208,0.0251958
-0.1273,0.00996001
-0.1399,0.0276073
-0.1461,0.012578
-0.1582,0.0296393
-0.1642,0.0153387
-0.17,0.0159028
-0.1816,0.0326323
-0.1873,0.0187922
-0.1929,0.0195816
-0.2038,0.0349341
-0.2092,0.0220591
-0.2195,0.0363022
-0.2246,0.0241376
-0.2295,0.0245648
-0.2391,0.0381875
-0.2438,0.0267172
-0.2528,0.0392298
-0.2571,0.0281992
-0.2612,0.0284976
-0.2693,0.0401014
-0.2732,0.030269
-0.2804,0.0399521
-0.2839,0.031316
-0.2872,0.0314837
-0.2935,0.0402568
-0.2965,0.0325478
-0.302,0.0399217
-0.3046,0.0331557
-0.3093,0.0393825
-0.3114,0.0332891
-0.3134,0.0334915
-0.317,0.0382666
-0.3186,0.0336034
-0.3213,0.0369605
-0.3225,0.0334914
-0.3235,0.0332703
-0.3252,0.0354443
-0.3258,0.0328817
-0.3266,0.0336367
-0.3268,0.0322672
-0.3267,0.0316028
-0.3265,0.0314259
-0.3261,0.0309615
-0.3249,0.0288421
-0.3241,0.0298223
-0.3221,0.0265525
-0.3209,0.0284718
-0.3195,0.0278307
-0.3164,0.0231046
-0.3147,0.0264496
-0.3108,0.0203196
-0.3087,0.0246029
-0.3041,0.017591
-0.3016,0.0225596
-0.299,0.0219548
-0.2934,0.0135024
-0.2904,0.0196425
-0.2841,0.0103074
-0.2803,0.016052
-0.2708,9.43615e-05
-0.2652,0.00905496
-0.259,0.00654632
-0.245,-0.0155074
-0.2369,-0.00194236
-0.2193,-0.0289251
-0.2098,-0.0100584
-0.1998,-0.0129973
-0.1782,-0.045994
-0.1669,-0.0219008
-0.1446,-0.053516
-0.1334,-0.0273966
-0.1117,-0.0576558
-0.101,-0.0317127
-0.0801,-0.0610856
-0.0696,-0.0366332
-0.0594,-0.0376345
-0.039,-0.0669341
-0.0288,-0.0429482
-0.0091,-0.0703683
0.0005,-0.0465402
0.0191,-0.0725155
0.0283,-0.0503946
0.0371,-0.0509318
0.0547,-0.0762398
0.0635,-0.055576
0.08,-0.0779232
0.088,-0.0578856
0.1033,-0.0790214
0.1108,-0.0606719
0.1178,-0.0606701
0.1317,-0.0805613
0.1385,-0.0638666
0.1512,-0.0810301
0.1571,-0.0649422
0.1683,-0.080335
0.1737,-0.0666905
0.1787,-0.066613
0.1883,-0.0799659
0.1928,-0.0679385
0.2011,-0.079049
0.2048,-0.0681486
0.2083,-0.0683245
0.2147,-0.0768358
0.2176,-0.0685777
0.2226,-0.0748275
0.2248,-0.0682172
0.2283,-0.0721874
0.2298,-0.0674768
0.232,-0.0697064
0.2328,-0.0663897
0.2333,-0.0657984
0.2338,-0.0659647
0.2337,-0.0645113
0.2328,-0.0624131
0.2321,-0.0628746
0.2311,-0.0620209
0.2287,-0.0581447
0.2271,-0.0599625
0.2235,-0.0543603
0.2213,-0.0575865
0.2166,-0.0505276
0.2139,-0.0551791
0.2111,-0.0545097
0.205,-0.0451827
0.2016,-0.0514755
0.1946,-0.0412305
0.1907,-0.0484424
0.1869,-0.0480954
0.1786,-0.0353458
0.1742,-0.0444849
0.1652,-0.0313562
0.1606,-0.0417183
0.1558,-0.0404289
0.1459,-0.0258742
0.1408,-0.0371524
0.1305,-0.0222703
0.1251,-0.0337433
0.1198,-0.0331121
0.1088,-0.016838
0.1031,-0.0292613
0.0975,-0.0285701
0.0861,-0.0119661
0.0802,-0.0248518
0.0685,-0.00818949
0.0627,-0.0220967
0.0569,-0.0211044
0.0452,-0.00418173
0.0393,-0.0178111
0.0278,-0.00167488
0.0219,-0.0147933
0.0106,0.000808808
0.0055,-0.0139586
0.0037,-0.0219784
0.0151,-0.0573017
0.0289,-0.0657782
0.0204,-0.00799522
0.0146,-0.0138061
-0.0086,0.0341779
-0.0059,-0.0316885
0.0014,-0.0445771
0.0051,-0.0361341
0.0086,-0.0362424
0.0154,-0.0457661
0.0186,-0.0372404
0.0245,-0.0450952
0.0273,-0.0377653
0.0299,-0.0377238
0.0349,-0.0446676
0.0372,-0.0382638
0.0413,-0.0435378
0.0433,-0.0385988
0.0467,-0.0427426
0.0482,-0.038223
0.0495,-0.0379614
0.0519,-0.0411751
0.053,-0.0381023
0.0546,-0.0396623
0.0553,-0.0375306
0.0558,-0.0371317
0.0564,-0.0375079
0.0566,-0.036552
0.0566,-0.0360661
0.0564,-0.0355453
0.0557,-0.0341796
0.0551,-0.0343461
0.0545,-0.0342599
0.0529,-0.0314738
0.052,-0.0331019
0.0498,-0.0294526
0.0486,-0.0317847
0.0473,-0.0313215
0.0444,-0.0267908
0.0428,-0.0298087
0.0395,-0.0249541
0.0377,-0.0284404
0.0359,-0.0281386
0.0319,-0.0218968
0.0299,-0.0266081
0.0277,-0.0257288
0.0233,-0.0194144
0.021,-0.0243228
0.0164,-0.0177187
0.0115,-0.0161105
0.0091,-0.0220075
0.0066,-0.0213212
0.0016,-0.0141373
-0.001,-0.0197435
-0.0061,-0.0125395
-0.0087,-0.0183956
-0.0112,-0.0182083
-0.0164,-0.0104784
-0.019,-0.0165835
-0.0241,-0.00937343
-0.0266,-0.0154934
-0.0291,-0.0150476
-0.034,-0.00812152
-0.0365,-0.0137332
-0.0389,-0.0135539
-0.0437,-0.00664204
-0.046,-0.0125379
-0.0483,-0.0121204
-0.0529,-0.00549275
-0.0547,-0.0122303
-0.055,-0.0159469
-0.0535,-0.0207354
-0.0519,-0.0212494
-0.0416,-0.0449991
-0.0353,-0.0359859
-0.0205,-0.0600226
-0.0123,-0.0447835
-0.0045,-0.0451323
0.0107,-0.0664718
0.0181,-0.0480735
0.032,-0.066921
0.0386,-0.0496526
0.0509,-0.0662074
0.0567,-0.0508256
0.0622,-0.0510484
0.0725,-0.0649892
0.0774,-0.052235
0.0861,-0.0633764
0.0901,-0.052237
0.0938,-0.0521565
0.1005,-0.060934
0.1034,-0.0518797
0.1085,-0.0583609
0.1106,-0.0511895
0.1125,-0.051054
0.1154,-0.0541238
0.1165,-0.04981
0.118,-0.0511215
0.1183,-0.0481839
0.1182,-0.0471965
0.1178,-0.0464091
0.1172,-0.0458391
0.1153,-0.0422642
0.114,-0.0435911
0.1108,-0.038273
0.1089,-0.041261
0.1045,-0.0342165
0.1021,-0.0388825
0.0995,-0.0379577
0.0937,-0.0288979
0.0906,-0.0352054
0.084,-0.0252453
0.0804,-0.0322196
0.0768,-0.0316178
0.0692,-0.0202158
0.0652,-0.0286302
0.057,-0.0166144
0.0527,-0.0257298
0.0485,-0.0252663
0.0397,-0.01213
0.0352,-0.0222146
0.0261,-0.00902139
0.0216,-0.0198589
0.0125,-0.00666109
0.0079,-0.017224
-0.0011,-0.00454405
-0.0056,-0.0151199
-0.01,-0.0146016
-0.0188,-0.00195053
-0.0233,-0.0120153
-0.0319,-0.000152213
-0.0361,-0.0105175
-0.0402,-0.0100414
-0.0483,0.00148761
-0.0523,-0.0081496
-0.0597,0.00174617
-0.062,-0.0107092
-0.0648,-0.00893649
-0.0676,-0.0084253
-0.0608,-0.0338306
-0.0485,-0.0498469
-0.0421,-0.0360513
-0.028,-0.0579433
-0.0209,-0.0414995
-0.0011,-0.0770197
0.0051,-0.0437628
0.0163,-0.0583465
0.0215,-0.0441107
0.0264,-0.0442167
0.0357,-0.0569607
0.0401,-0.0453691
0.048,-0.0556006
0.0516,-0.0453884
0.0579,-0.0533242
0.0606,-0.0447256
0.0631,-0.044678
0.0675,-0.0502657
0.0693,-0.044038
0.0722,-0.0473457
0.0733,-0.0430174
0.0747,-0.0440443
0.075,-0.0413445
0.0751,-0.0408824
0.0747,-0.0395754
0.0742,-0.0392608
0.0725,-0.0359588
0.0714,-0.0373062
0.0686,-0.0325485
0.0669,-0.0350522
0.0651,-0.0345078
0.0608,-0.027466
0.0585,-0.0321346
0.0534,-0.0241933
0.0506,-0.0295296
0.0478,-0.0290574
0.0417,-0.0196752
0.0384,-0.0261827
0.0318,-0.0167099
0.0283,-0.0239366
0.0248,-0.0233346
0.0175,-0.0124724
0.0138,-0.0209217
0.0063,-0.0100209
0.0024,-0.0184315
-0.0052,-0.00776183
-0.009,-0.0166911
-0.0127,-0.016294
-0.0204,-0.00484421
-0.0242,-0.0140208
-0.0316,-0.00362955
-0.0353,-0.0123148
-0.0425,-0.00220726
-0.046,-0.0109238
-0.0494,-0.0105666
-0.0561,-0.00104666
-0.0593,-0.00930601
-0.0656,-0.000357596
-0.0686,-0.00814368
-0.0714,-0.0081362
-0.077,-6.35093e-05
-0.0796,-0.00715814
-0.0846,-0.000197509
-0.0869,-0.00658448
-0.0889,-0.0069631
-0.0894,-0.0106332
-0.0901,-0.00997559
-0.0772,-0.0465392
-0.0616,-0.0560565
-0.0314,-0.0981778
-0.0143,-0.0680777
0.0023,-0.069711
0.0344,-0.114458
0.05,-0.0755334
0.0792,-0.114993
0.093,-0.0785459
0.1061,-0.0790989
0.1309,-0.113011
0.1425,-0.0817521
0.1637,-0.109745
0.1734,-0.0824576
0.1905,-0.104189
0.1982,-0.0818643
0.2113,-0.0978554
0.2169,-0.079968
0.2218,-0.0791301
0.2299,-0.0887005
0.2331,-0.0769649
0.2374,-0.0805727
0.2387,-0.0733052
0.2393,-0.0717233
0.2389,-0.0692094
0.2379,-0.0676005
0.2363,-0.0658864
0.2316,-0.0573176
0.2285,-0.0608943
0.2208,-0.0480111
0.2163,-0.0553795
0.2114,-0.0535864
0.2003,-0.0360634
0.1941,-0.0474203
0.1808,-0.0272344
0.1662,-0.0214619
0.1584,-0.0373252
0.1505,-0.0357459
0.1339,-0.0109286
0.1252,-0.0294012
0.1075,-0.00362572
0.0985,-0.024057
0.0894,-0.0222477
0.0708,0.00495972
0.0613,-0.0163817
0.0518,-0.0147424
0.0327,0.0128175
0.0231,-0.00950355
0.0043,0.0170037
-0.005,-0.00536017
-0.0142,-0.00400339
-0.0317,0.0200168
-0.0395,-0.00310198
-0.0512,0.00880333
-0.0526,-0.0169422
-0.0539,-0.0169498
-0.0537,-0.020754
-0.0533,-0.0213107
-0.0524,-0.0227124
-0.052,-0.0215021
-0.0512,-0.0226343
-0.0508,-0.0216768
-0.0504,-0.0217296
-0.0497,-0.0225923
-0.0494,-0.0216179
-0.0488,-0.0224636
-0.0485,-0.021742
-0.0483,-0.021508
-0.0479,-0.0220665
-0.0477,-0.0215803
-0.0475,-0.0215991
-0.0475,-0.021078
-0.0474,-0.0213319
-0.0474,-0.0210634
-0.0475,-0.0207774
-0.0477,-0.0204739
-0.0478,-0.0206927
-0.0482,-0.0198492
-0.0485,-0.0200329
-0.0487,-0.0202341
-0.0493,-0.0191028
-0.0505,-0.0173614
-0.0518,-0.0168646
-0.0527,-0.0176999
-0.0532,-0.0186046
-0.0543,-0.0168794
-0.0548,-0.0182887
-0.0559,-0.0165629
-0.0564,-0.0179717
-0.0575,-0.0162454
-0.0581,-0.0173836
-0.0592,-0.0159092
-0.0597,-0.0173168
-0.0608,-0.0155894
-0.0614,-0.0167265
-0.0619,-0.0168708
-0.0653,-0.00893326
-0.0938,0.0594464
-0.0475,-0.137482
-0.02,-0.0948015
0.0317,-0.164934
0.0503,-0.0846171
0.0679,-0.0851845
0.1014,-0.131209
0.1174,-0.0898513
0.1466,-0.128323
0.1601,-0.0910895
0.1843,-0.12239
0.1952,-0.0907743
0.2143,-0.114883
0.2227,-0.0894057
0.2301,-0.0882491
0.2428,-0.103929
0.248,-0.0859819
0.2558,-0.0939938
0.2585,-0.0816747
0.2604,-0.0800741
0.262,-0.0796843
0.2618,-0.075193
0.2591,-0.0684973
0.2567,-0.0689231
0.2536,-0.0667008
0.2407,-0.0397875
0.229,-0.0408545
0.2224,-0.0526562
0.2001,-0.00919229
0.1736,0.00597557
0.1642,-0.0356181
0.1451,-0.00784369
0.1353,-0.0296629
0.1153,-0.000458866
0.105,-0.0231906
0.0947,-0.0214263
0.0737,0.00922866
0.0629,-0.0146641
0.0416,0.015549
0.031,-0.00963031
0.0101,0.0200187
-0.0002,-0.00494988
-0.0104,-0.00341998
-0.0305,0.0250933
-0.0404,0.00107851
-0.0594,0.0273897
-0.0686,0.00427241
-0.0776,0.00536326
-0.0948,0.0291
-0.1032,0.0083799
-0.1188,0.0293207
-0.1262,0.009949
-0.1398,0.0280231
-0.1461,0.0107388
-0.152,0.0108092
-0.163,0.0256602
-0.168,0.0114391
-0.1727,0.0115597
-0.181,0.0221585
-0.1847,0.0112513
-0.1909,0.0187096
-0.1934,0.00986857
-0.1944,0.00632125
-0.2038,0.0292396
0.2235,-1
-0.1471,0.931355
-0.1231,-0.0691537
-0.0632,-0.170226
-0.0321,-0.102919
-0.0021,-0.105373
0.0566,-0.188097
0.0851,-0.116841
0.1385,-0.189074
0.1638,-0.122589
0.1879,-0.123825
0.2334,-0.185875
0.2549,-0.12911
0.2937,-0.179659
0.3114,-0.129574
0.3425,-0.168949
0.3689,-0.16181
0.3801,-0.125512
0.3984,-0.146766
0.4056,-0.120131
0.4162,-0.130706
0.4219,-0.11947
0.4229,-0.10792
0.4213,-0.101219
0.4189,-0.0989217
0.4107,-0.0829856
0.4051,-0.088711
0.3911,-0.0651918
0.3733,-0.0526188
0.3631,-0.0701527
0.3408,-0.0358264
0.3285,-0.0590425
0.3023,-0.019478
0.2887,-0.0490188
0.2689,-0.0300017
0.2632,-0.0646992
0.2601,-0.0708115
0.2602,-0.078997
0.2584,-0.073973
0.2565,-0.073476
0.2509,-0.0632417
0.2471,-0.0672076
0.2378,-0.0517787
0.2323,-0.0604931
0.2199,-0.0409824
0.2129,-0.0534687
0.1977,-0.0301797
0.1894,-0.0462187
0.1719,-0.0199949
0.1626,-0.039133
0.1434,-0.0108355
0.1333,-0.0320967
0.1127,-0.00202971
0.1022,-0.0257356
0.0808,0.00549173
0.07,-0.0194134
0.0484,0.0116072
0.0375,-0.013522
0.0161,0.0167172
0.0054,-0.00843604
-0.0154,0.0206992
-0.0256,-0.00427826
-0.0454,0.0234302
-0.0551,-0.000361958
-0.0736,0.0251093
-0.0825,0.00244942
-0.096,0.0164513
-0.1171,0.0393608
-0.0866,-0.0962191
-0.0482,-0.122847
0.0083,-0.178406
0.0338,-0.10459
0.0813,-0.168451
0.1037,-0.109015
0.145,-0.16399
0.1642,-0.111591
0.1989,-0.156848
0.2147,-0.111953
0.2425,-0.147184
0.2547,-0.110008
0.2753,-0.134903
0.284,-0.106469
0.2976,-0.121314
0.3027,-0.100844
0.3094,-0.106157
0.3112,-0.0942037
0.3118,-0.0913838
0.3101,-0.0853848
0.3078,-0.0835728
0.3003,-0.0692364
0.2952,-0.0745068
0.2892,-0.0712858
0.2748,-0.0476574
0.2664,-0.0614326
0.2574,-0.0584351
0.2371,-0.0264425
0.226,-0.0478131
0.2023,-0.0119333
0.1898,-0.0380975
0.1637,0.000738913
0.1501,-0.0285025
0.1364,-0.0259069
0.108,0.016127
0.0783,0.0245627
0.0485,0.0299959
0.0338,-0.00557936
0.0192,-0.00329211
-0.01,0.0386688
-0.0246,0.00435831
-0.0529,0.0439042
-0.0668,0.009991
-0.0802,0.0110926
-0.1065,0.0482879
-0.1194,0.016743
-0.1436,0.0495446
-0.1551,0.0195352
-0.1766,0.0485945
-0.1866,0.0213642
-0.1961,0.0218248
-0.2139,0.045959
-0.2221,0.0232242
-0.2298,0.0233824
-0.2437,0.041544
-0.25,0.0235373
-0.2608,0.0368716
-0.2653,0.0218387
-0.2747,0.0359435
-0.2912,0.0568471
-0.2727,-0.034662
-0.2082,-0.16199
-0.177,-0.0832893
-0.1173,-0.165624
-0.0883,-0.093134
-0.0334,-0.168095
-0.007,-0.100734
0.0182,-0.102105
0.0667,-0.169419
0.0898,-0.109343
0.1323,-0.165784
0.152,-0.111701
0.1704,-0.111686
0.2043,-0.156804
0.2197,-0.112852
0.2339,-0.112378
0.2589,-0.144095
0.2698,-0.110485
0.2877,-0.131379
0.2949,-0.105717
0.3008,-0.103565
0.3094,-0.111987
0.312,-0.0973963
0.3139,-0.0960664
0.3127,-0.0881354
0.3248,-0.123938
0.3405,-0.135881
0.3989,-0.254019
0.4332,-0.199295
0.4652,-0.199225
0.5237,-0.276518
0.5501,-0.200255
0.574,-0.198305
0.6159,-0.251271
0.6338,-0.194007
0.6623,-0.225967
0.6732,-0.183656
0.6819,-0.179849
0.6885,-0.17593
0.6957,-0.178936
0.6963,-0.162611
0.6914,-0.148103
0.6861,-0.146401
0.6789,-0.140578
0.6699,-0.13469
0.6467,-0.0950074
0.6325,-0.11547
0.6,-0.0637975
0.5815,-0.0961179
0.5412,-0.0342277
0.5192,-0.076774
0.4964,-0.0709457
0.4725,-0.0641599
0.4216,0.0127494
0.3946,-0.0430228
0.3397,0.0368843
0.3114,-0.0254506
0.2831,-0.0206108
0.2249,0.0649606
0.1952,-0.00188823
0.167,-0.000814153
0.1462,-0.0159211
0.1388,-0.0485125
0.1771,-0.170644
0.1978,-0.129881
0.2171,-0.129786
0.2527,-0.177237
0.2841,-0.172205
0.2977,-0.129732
0.3207,-0.157587
0.3302,-0.125268
0.3383,-0.12326
0.3509,-0.136939
0.3554,-0.117391
0.3585,-0.114518
0.3611,-0.113832
0.3606,-0.106039
0.3561,-0.0952745
0.352,-0.0956886
0.3469,-0.0923915
0.3333,-0.06867
0.3249,-0.0804449
0.3055,-0.04939
0.2944,-0.0685112
0.2825,-0.0645115
0.287,-0.106803
0.2836,-0.0863589
0.2966,-0.130136
0.3334,-0.196762
0.3509,-0.1512
0.3805,-0.187044
0.393,-0.146179
0.4037,-0.143637
0.4207,-0.162652
0.427,-0.136877
0.4316,-0.133533
0.4365,-0.135293
0.4368,-0.123878
0.4356,-0.120029
0.429,-0.105388
0.4236,-0.107619
0.409,-0.0819815
0.3998,-0.0941473
0.3895,-0.0897053
0.3654,-0.0507809
0.3517,-0.0747706
0.3217,-0.02849
0.3053,-0.0600731
0.2883,-0.0556909
0.2518,-0.000172979
0.2324,-0.0400458
0.2127,-0.0359245
0.1714,0.0257602
0.1499,-0.0205359
0.1068,0.0414846
0.085,-0.00852479
0.0632,-0.00474425
0.0192,0.0589779
-0.0031,0.00807552
-0.0249,0.0106234
-0.0903,0.13215
-0.1504,0.1293
-0.1406,-0.0488595
-0.107,-0.114778
-0.0538,-0.173528
0.0565,-0.336961
0.1102,-0.203449
0.2101,-0.337597
0.2572,-0.212578
0.3015,-0.213336
0.3848,-0.326469
0.4236,-0.221017
0.4595,-0.220111
0.5251,-0.306721
0.5547,-0.221171
0.5814,-0.218702
0.6279,-0.277019
0.6477,-0.213274
0.6648,-0.209664
0.6917,-0.239334
0.7017,-0.198643
0.7091,-0.193608
0.7168,-0.195951
0.7172,-0.177831
0.7153,-0.171935
0.7112,-0.165905
0.6964,-0.136542
0.6859,-0.145801
0.6734,-0.138798
0.659,-0.131713
0.6281,-0.0848736
0.619,-0.138541
0.6177,-0.158218
0.6237,-0.177908
0.6351,-0.193746
0.6378,-0.172465
0.6384,-0.167484
0.6369,-0.162135
0.6281,-0.14238
0.6207,-0.144835
0.6116,-0.139162
0.6006,-0.13265
0.5734,-0.0871949
0.5573,-0.112603
0.5398,-0.106199
0.5207,-0.0990039
0.5002,-0.092063
0.455,-0.0219665
0.4304,-0.0698369
0.4051,-0.0637942
0.3225,0.0951846
0.231,0.133537
0.2108,-0.0430444
0.2064,-0.0822419
0.2241,-0.141207
0.2532,-0.175153
0.3155,-0.269955
0.3445,-0.191046
0.3712,-0.190021
0.4194,-0.252856
0.4408,-0.189068
0.4599,-0.186747
0.4772,-0.18538
0.5061,-0.219882
0.5177,-0.178398
0.5272,-0.17493
0.5347,-0.171369
0.544,-0.17772
0.5459,-0.159551
0.5457,-0.154399
0.5437,-0.149689
0.5343,-0.129545
0.5269,-0.133483
0.5178,-0.127779
0.4947,-0.0885673
0.4807,-0.109266
0.4653,-0.103203
0.4302,-0.0474842
0.4105,-0.0830724
0.3898,-0.0770692
0.3448,-0.00798037
0.3206,-0.0563884
0.2958,-0.0506483
0.27,-0.0437152
0.216,0.0368343
0.1878,-0.0234561
0.1594,-0.0180521
0.1012,0.0673087
0.0714,0.000771683
0.0418,0.00541478
-0.018,0.092105
-0.0481,0.0223782
-0.0777,0.0263042
-0.1274,0.0857675
-0.1409,-0.0032354
-0.1318,-0.0618428
-0.1144,-0.0857962
-0.0544,-0.203807
-0.0244,-0.133281
0.0041,-0.134465
0.0837,-0.277403
0.1536,-0.265153
0.1909,-0.189408
0.206,-0.136056
0.2194,-0.134174
0.2416,-0.160348
0.2506,-0.128672
0.2579,-0.12574
0.268,-0.134662
0.2709,-0.11708
0.2723,-0.113629
0.2708,-0.106136
0.268,-0.102456
0.2639,-0.0985477
0.2517,-0.0760527
0.2437,-0.0853449
0.2346,-0.0810598
0.2244,-0.0765793
0.2006,-0.0381565
0.1871,-0.0618729
0.1729,-0.0576874
0.1417,-0.00936907
0.1248,-0.0425714
0.1075,-0.0385807
0.0708,0.0167808
0.0521,-0.0254255
0.0446,-0.0524126
0.0239,-0.0154806
0.0279,-0.0785552
0.0321,-0.0798035
0.0382,-0.0856778
0.0414,-0.0789274
0.0418,-0.0719413
0.0404,-0.0671658
0.0386,-0.0658549
0.0329,-0.0550245
0.0291,-0.0591691
0.0196,-0.0431264
0.014,-0.052002
0.0012,-0.0315901
-0.006,-0.0444724
-0.0216,-0.0205344
-0.0301,-0.0369694
-0.0389,-0.034664
-0.0576,-0.00638571
-0.0676,-0.0265863
-0.0887,0.00515102
-0.0571,-0.133408
0.0387,-0.312234
0.0673,-0.147564
0.1172,-0.210089
0.1395,-0.144335
0.16,-0.14342
0.197,-0.191602
0.2134,-0.142519
0.228,-0.140598
0.2528,-0.170763
0.263,-0.135766
0.2715,-0.133048
0.2839,-0.145154
0.2879,-0.124739
0.2903,-0.121216
0.2907,-0.116334
0.2888,-0.110293
0.2854,-0.106009
0.2746,-0.0855332
0.2672,-0.0929181
0.2586,-0.0884758
0.2378,-0.0541237
0.2256,-0.0737874
0.2124,-0.0690321
0.1831,-0.0233317
0.1669,-0.0536404
0.1501,-0.0492462
0.1141,0.00547355
0.095,-0.0339001
0.0754,-0.0292448
0.0554,-0.0247656
0.0136,0.0375647
-0.0079,-0.00994049
-0.0295,-0.00591097
-0.0734,0.0580775
-0.0957,0.00745903
-0.1177,0.0105782
-0.1398,0.0147322
-0.1838,0.0777655
-0.2058,0.0261219
-0.2271,0.028146
-0.2691,0.0878294
-0.2897,0.037485
-0.3094,0.0387529
-0.3263,0.0347407
-0.3458,0.0448235
-0.3447,-0.00726674
-0.3372,-0.0246206
-0.3254,-0.037426
-0.3015,-0.0720446
-0.2894,-0.0442619
-0.2777,-0.0451984
-0.2544,-0.0784659
-0.243,-0.0503243
-0.2319,-0.0514242
-0.221,-0.0527454
-0.1999,-0.0821126
-0.1897,-0.0563047
-0.1801,-0.056403
-0.1616,-0.0820473
-0.153,-0.0584978
-0.1448,-0.0588689
-0.1371,-0.0589029
-0.1228,-0.0780203
-0.1163,-0.0594195
-0.1104,-0.0588961
-0.105,-0.0585399
-0.0955,-0.0705168
-0.0915,-0.057296
-0.088,-0.0566141
-0.0826,-0.0623254
-0.0806,-0.0540619
-0.0792,-0.0527643
-0.0782,-0.0519022
-0.0778,-0.0504307
-0.0783,-0.0480445
-0.0793,-0.0465807
-0.0807,-0.0452993
-0.0826,-0.0436775
-0.087,-0.0365682
-0.09,-0.0395495
-0.1191,0.0314683
-0.0477,-0.23473
-0.0256,-0.114093
-0.0061,-0.110927
0.0126,-0.112173
0.0303,-0.112745
0.0629,-0.156074
0.0777,-0.113736
0.0912,-0.112839
0.1035,-0.111989
0.1249,-0.138741
0.1339,-0.109046
0.1416,-0.107154
0.1481,-0.105308
0.1578,-0.115133
0.161,-0.0993332
0.1629,-0.0964372
0.1634,-0.0930447
0.162,-0.0880578
0.1595,-0.0848983
0.1514,-0.0693969
0.1458,-0.0747821
0.1393,-0.0714231
0.1141,-0.0198493
0.0809,0.00611337
0.0684,-0.0439973
0.0425,-0.0056597
0.0289,-0.0343551
0.015,-0.0311786
0.0006,-0.0274049
-0.0296,0.017767
-0.0452,-0.0163621
-0.0609,-0.0133509
-0.0769,-0.00977696
-0.1094,0.0375906
-0.1259,0.000110761
-0.1423,0.00276657
-0.175,0.0496862
-0.1914,0.0114536
-0.2074,0.0133042
-0.2233,0.0159002
-0.2546,0.0603301
-0.2699,0.0226897
-0.2847,0.0241047
-0.2992,0.0259772
-0.3271,0.0647886
-0.3405,0.0306283
-0.3532,0.0311952
-0.3655,0.032454
-0.3886,0.0638841
-0.3993,0.0345753
-0.4087,0.0330705
-0.4141,0.0240523
-0.4335,0.0629324
-0.4162,-0.0326114
-0.4016,-0.0282042
-0.3884,-0.0268399
-0.3605,-0.0687012
-0.3451,-0.0397077
-0.3298,-0.0420119
-0.3145,-0.0445738
-0.2839,-0.0884469
-0.2687,-0.0521218
-0.254,-0.0533371
-0.2249,-0.094696
-0.2108,-0.0592087
-0.1971,-0.0605213
-0.1838,-0.0617686
-0.1581,-0.0975072
-0.1459,-0.065498
-0.1343,-0.0659606
-0.1232,-0.0665923
-0.1125,-0.0674103
-0.0927,-0.0938095
-0.0669,-0.113436
-0.0473,-0.101184
-0.0425,-0.0646364
-0.0385,-0.063301
-0.0352,-0.0620971
-0.0306,-0.0661715
-0.0293,-0.0580558
-0.0287,-0.0563832
-0.0286,-0.0551285
-0.0304,-0.0500068
-0.0322,-0.0496819
-0.0345,-0.0480067
-0.0374,-0.0459732
-0.0448,-0.033305
-0.0493,-0.039826
-0.0542,-0.0379431
-0.0596,-0.0357187
-0.0654,-0.0336751
-0.0782,-0.0137413
-0.0852,-0.0271367
-0.0924,-0.0253447
-0.0999,-0.0232454
-0.1159,0.00104671
-0.1242,-0.0169062
-0.1326,-0.0151439
-0.1413,-0.0128213
-0.15,-0.0112533
-0.1679,0.0151553
-0.177,-0.00541778
-0.186,-0.00403775
-0.1951,-0.00213219
-0.2041,-0.00074603
-0.2221,0.0251933
-0.231,0.00384615
-0.2397,0.00493953
-0.2482,0.00600092
-0.2648,0.0294381
-0.2729,0.00948054
-0.2807,0.0101783
-0.2882,0.0108264
-0.3024,0.0303227
-0.3092,0.0129282
-0.3155,0.0128712
-0.3215,0.0132689
-0.3327,0.0284647
-0.3377,0.013796
-0.3423,0.0137041
-0.3466,0.0138138
-0.3505,0.0136025
-0.3572,0.0219619
-0.36,0.0127245
-0.3623,0.0119857
-0.3643,0.0117003
-0.3658,0.0108231
-0.3678,0.0125589
-0.3682,0.00871324
-0.3682,0.00782783
-0.361,-0.0114857
-0.3725,0.0378634
-0.4422,0.197124
-0.5955,0.435151
-0.761,0.495076
-0.662,-0.189828
-0.4777,-0.43719
-0.3944,-0.196559
-0.3184,-0.191274
0.2503,-1
0.1458,0.183398
0.1189,-0.00789052
0.1183,-0.0742334
0.1398,-0.133833
0.2091,-0.266684
0.2464,-0.192473
0.2823,-0.195294
0.3169,-0.198153
0.3813,-0.284759
0.411,-0.20246
0.4383,-0.201309
0.4637,-0.201099
0.4872,-0.200564
0.5283,-0.252351
0.5458,-0.195998
0.5608,-0.192491
0.5737,-0.189632
0.5845,-0.186411
0.5998,-0.200645
0.6042,-0.174094
0.6063,-0.168858
0.6064,-0.164031
0.6044,-0.158584
0.5944,-0.136841
0.5863,-0.140424
0.5764,-0.134348
0.5646,-0.127683
0.5356,-0.079377
0.5184,-0.106348
0.4999,-0.100008
0.458,-0.0337706
0.4348,-0.0770892
0.4106,-0.0704826
0.3852,-0.0631532
0.3308,0.0194472
0.3019,-0.0400023
0.2726,-0.0339746
0.2425,-0.0267872
0.2116,-0.0194499
0.1478,0.0746994
0.1151,0.00183579
0.0825,0.00724081
0.0166,0.102811
-0.0502,0.11675
-0.1152,0.12358
-0.1465,0.0439958
-0.1769,0.047085
-0.2068,0.051107
-0.2653,0.133614
-0.2937,0.062664
-0.3209,0.0644863
-0.3473,0.0671879
-0.3979,0.137252
-0.422,0.0746855
-0.4446,0.0749899
-0.4663,0.0766597
-0.5066,0.130824
-0.5252,0.0794535
-0.5423,0.0788317
-0.5731,0.11899
-0.5868,0.0784
-0.599,0.0769429
-0.6198,0.102495
-0.6283,0.0731326
-0.6355,0.0713208
-0.6414,0.0692843
-0.6496,0.0767417
-0.6519,0.0624659
-0.6529,0.0595787
-0.6527,0.0567347
-0.649,0.0474715
-0.6454,0.0473145
-0.6408,0.0442041
-0.6284,0.0225592
-0.6206,0.0330239
-0.612,0.0297111
-0.6025,0.0259857
-0.5808,-0.00840726
-0.5687,0.0139149
-0.5561,0.0106432
-0.5427,0.00646983
-0.5139,-0.037264
-0.4986,-0.00567611
-0.483,-0.00899082
-0.4504,-0.0574489
-0.4334,-0.020877
-0.4165,-0.0234309
-0.3992,-0.027323
-0.364,-0.0785362
-0.3461,-0.0378583
-0.3284,-0.0403291
-0.3107,-0.0433109
-0.2753,-0.094084
-0.2577,-0.0521212
-0.2238,-0.0991151
-0.1752,-0.144649
-0.1598,-0.0634509
-0.1454,-0.063388
-0.1181,-0.100682
-0.1051,-0.0668058
-0.0929,-0.0668821
-0.07,-0.0978697
-0.0594,-0.0686407
-0.0496,-0.068313
-0.0404,-0.0683888
-0.0239,-0.0896909
-0.0165,-0.0679983
-0.01,-0.066856
-0.0041,-0.0663686
0.0057,-0.0779272
0.0097,-0.0639831
0.0129,-0.0625255
0.0154,-0.0611992
0.0186,-0.0635311
0.0192,-0.0570772
0.0192,-0.0555687
0.0185,-0.0536854
0.0155,-0.0473599
0.0131,-0.0484608
0.0102,-0.046696
0.0067,-0.0445729
-0.0018,-0.0304649
-0.0068,-0.0384281
-0.0122,-0.0364722
-0.018,-0.0344446
-0.0309,-0.0142568
-0.038,-0.0276507
-0.0453,-0.0258573
-0.0607,-0.0026985
-0.0689,-0.0194251
-0.0772,-0.017699
-0.0857,-0.0156826
-0.1032,0.0101294
-0.1122,-0.00972558
-0.1211,-0.00838495
-0.1302,-0.00624885
-0.1484,0.0199529
-0.1575,-0.00138422
-0.1665,-1.07846e-05
-0.1843,0.0253759
-0.1931,0.00425096
-0.2017,0.00531405
-0.2101,0.0063451
-0.2263,0.028942
-0.2342,0.00944146
-0.2417,0.00982124
-0.256,0.0295718
-0.2756,0.0464658
-0.2814,0.0127275
-0.2867,0.0124863
-0.2961,0.0245784
-0.3003,0.0122825
-0.3041,0.0120381
-0.3105,0.0198243
-0.3132,0.0110587
-0.3154,0.0102866
-0.3187,0.0137474
-0.3198,0.0084925
-0.3205,0.00771303
-0.3207,0.00659392
-0.3203,0.00511754
-0.3195,0.00407613
-0.3184,0.00323453
-0.315,-0.00305934
-0.3129,-3.72079e-05
-0.3104,-0.00137818
-0.3046,-0.0106191
-0.3012,-0.00505017
-0.2976,-0.00608231
-0.2897,-0.0182195
-0.2854,-0.0097829
-0.2809,-0.0109776
-0.2713,-0.0254376
-0.2662,-0.0148745
-0.2559,-0.0297142
-0.2505,-0.0181987
-0.2451,-0.0190575
-0.2341,-0.0350367
-0.2285,-0.022301
-0.2229,-0.0232022
-0.2173,-0.0241054
-0.2061,-0.0401289
-0.2004,-0.0271677
-0.1949,-0.0275559
-0.184,-0.0430296
-0.1786,-0.0300234
-0.1684,-0.0438653
-0.1634,-0.0315521
-0.1587,-0.0315605
-0.1541,-0.0320581
-0.1453,-0.0441487
-0.1411,-0.0332184
-0.1371,-0.0333646
-0.1297,-0.0431963
-0.1263,-0.0336465
-0.1201,-0.0417572
-0.1148,-0.0403701
-0.1105,-0.0385577
-0.1072,-0.0365719
-0.106,-0.0314428
-0.105,-0.0310767
-0.1036,-0.0322958
-0.1032,-0.0298056
-0.1031,-0.0290307
-0.1034,-0.0279334
-0.1039,-0.027306
-0.1054,-0.0244838
-0.1064,-0.0255359
-0.1089,-0.0212755
-0.1105,-0.0232316
-0.1125,-0.0218347
-0.1256,0.00851991
-0.1419,0.0194906
-0.2017,0.139826
-0.2457,0.107687
-0.2982,0.138407
-0.4279,0.356101
-0.5046,0.235823
0.6798,-1
0.7786,-0.431598
0.4829,0.615921
-0.106,1
-0.0289,-0.236095
0.02,-0.173425
0.0429,-0.111783
0.0649,-0.113369
0.108,-0.1742
0.1288,-0.121564
0.1674,-0.173297
0.1855,-0.124754
0.2181,-0.167126
0.2328,-0.124571
0.2586,-0.157185
0.2698,-0.122365
0.2796,-0.120634
0.296,-0.140259
0.3025,-0.116497
0.3115,-0.124485
0.3142,-0.109155
0.3157,-0.106493
0.3146,-0.0998426
0.3124,-0.0967872
0.3044,-0.08085
0.292,-0.0676762
0.2752,-0.0537294
0.2655,-0.0700551
0.2548,-0.0657502
0.2309,-0.0283302
0.2176,-0.0528493
0.1893,-0.0101028
0.1741,-0.0405883
0.1426,0.00601451
0.1261,-0.0290256
0.0924,0.0202505
0.0751,-0.0181678
0.0578,-0.0151703
0.0223,0.0369684
0.0042,-0.0038114
-0.0314,0.0465954
-0.0492,0.00477134
-0.0666,0.00681843
-0.1013,0.0565869
-0.1185,0.0154392
-0.153,0.0651902
-0.1702,0.024565
-0.187,0.0265482
-0.2187,0.0697732
-0.2339,0.0308407
-0.2615,0.0670526
-0.2742,0.0317378
-0.286,0.03162
-0.308,0.061316
-0.3182,0.0334076
-0.336,0.0558156
-0.3438,0.0320422
-0.3572,0.04864
-0.3629,0.0303144
-0.3719,0.0403424
-0.3754,0.0271923
-0.3781,0.0257711
-0.3816,0.0285306
-0.3824,0.021982
-0.3797,0.0128021
-0.3776,0.0140787
-0.379,0.0232886
-0.3342,-0.101066
-0.3091,-0.0555968
-0.2797,-0.071487
-0.2188,-0.161571
-0.1886,-0.089257
-0.1035,-0.242686
-0.0248,-0.240243
-0.001,-0.105771
0.0408,-0.158524
0.0597,-0.104018
0.0932,-0.146757
0.1081,-0.102427
0.1216,-0.101288
0.1452,-0.130955
0.1552,-0.0984119
0.1712,-0.11641
0.1774,-0.0928065
0.1858,-0.0998894
0.1882,-0.0852216
0.1894,-0.082465
0.1885,-0.0770693
0.1864,-0.0737361
0.1792,-0.0596636
0.1741,-0.0641356
0.1681,-0.0608735
0.1535,-0.0366642
0.1449,-0.0503634
0.1357,-0.0472899
0.115,-0.0146812
0.1036,-0.0362106
0.0796,-0.000236931
0.0668,-0.0263072
0.0537,-0.0232832
0.0264,0.0173239
0.0122,-0.0132812
-0.014,0.0215928
-0.0204,-0.0272791
-0.0223,-0.0383027
-0.0061,-0.0868284
0.0088,-0.0861475
0.0391,-0.13033
0.0532,-0.0919021
0.0663,-0.0916841
0.0902,-0.123153
0.101,-0.091993
0.1194,-0.114432
0.1272,-0.0890707
0.1339,-0.087507
0.1448,-0.100062
0.1489,-0.0836574
0.1542,-0.0876639
0.1554,-0.0775733
0.1551,-0.0737859
0.1536,-0.0705463
0.1513,-0.0681764
0.1442,-0.0548669
0.1394,-0.0598845
0.1277,-0.0404647
0.1208,-0.0514222
0.1053,-0.0270397
0.0966,-0.0427251
0.0875,-0.0401576
0.0676,-0.00943994
0.0568,-0.0305531
0.0458,-0.0281452
0.0226,0.0066982
0.0105,-0.0192226
-0.0142,0.0169049
-0.0268,-0.0114411
-0.0393,-0.00950032
-0.0649,0.0280638
-0.0778,-0.00172764
-0.0905,1.2863e-05
-0.116,0.0368193
-0.1287,0.00675774
-0.1411,0.00821055
-0.1652,0.042012
-0.1906,0.0497887
-0.158,-0.102293
-0.105,-0.163011
-0.0769,-0.105013
-0.0499,-0.106927
0.0022,-0.179392
0.0271,-0.115064
0.0507,-0.115914
0.0953,-0.17675
0.1162,-0.120591
0.1356,-0.120233
0.1713,-0.167675
0.1874,-0.121056
0.2153,-0.15579
0.2272,-0.117542
0.2376,-0.115648
0.2547,-0.135634
0.2613,-0.110361
0.2665,-0.107823
0.2716,-0.108552
0.3391,-0.277999
0.398,-0.266691
0.5226,-0.45449
0.5811,-0.297987
0.6354,-0.297067
0.7348,-0.428528
0.8218,-0.412669
0.8593,-0.294512
0.9215,-0.368039
0.9469,-0.27987
0.9681,-0.273289
1.0001,-0.306479
1.0109,-0.255174
1.0178,-0.246874
1.0216,-0.240055
1.0184,-0.222167
1.0021,-0.186586
0.9892,-0.193256
0.9734,-0.183507
0.933,-0.114662
0.9085,-0.150844
0.8529,-0.0629086
0.8215,-0.118815
0.7884,-0.109017
0.72,-0.00819919
0.6996,-0.126078
0.7248,-0.245858
0.7582,-0.272645
0.7889,-0.271448
0.8413,-0.335664
0.8629,-0.261953
0.8953,-0.295177
0.9066,-0.244177
0.9189,-0.249158
0.9203,-0.222191
0.9187,-0.214647
0.9066,-0.186332
0.8962,-0.189114
0.8674,-0.137924
0.8489,-0.160993
0.8282,-0.152108
0.7926,-0.108545
0.8241,-0.283745
0.8485,-0.27036
0.9859,-0.579981
1.0574,-0.426411
1.1839,-0.587748
1.2396,-0.419112
1.2894,-0.413335
1.3745,-0.517774
1.4098,-0.398663
1.463,-0.453633
1.4818,-0.370554
1.503,-0.380819
1.506,-0.335897
1.4972,-0.305074
1.4857,-0.296754
1.4698,-0.283368
1.425,-0.203065
1.3963,-0.239184
1.3282,-0.128272
1.2888,-0.194304
1.2015,-0.0585383
1.1533,-0.14925
1.1031,-0.135818
1.0101,-0.0118709
0.9808,-0.167935
0.9744,-0.224971
0.9951,-0.297346
1.0041,-0.269713
1.0118,-0.268115
1.0106,-0.245775
0.9985,-0.216481
0.9897,-0.223613
0.9779,-0.214311
0.9448,-0.155076
0.9238,-0.182278
0.874,-0.101169
0.8452,-0.149457
0.8144,-0.139311
0.7457,-0.0318849
0.708,-0.103825
0.6285,0.0153725
0.5864,-0.0719187
0.5434,-0.0623308
0.4565,0.0635176
0.4346,-0.0969351
0.4255,-0.127812
0.4487,-0.213567
0.4616,-0.189966
0.4807,-0.209115
0.4871,-0.178328
0.4913,-0.173672
0.4935,-0.169172
0.4917,-0.158925
0.4878,-0.153107
0.4744,-0.126943
0.4649,-0.135291
0.4536,-0.128929
0.4259,-0.0828324
0.4095,-0.108643
0.3917,-0.102137
0.3516,-0.0389546
0.3294,-0.0803918
0.3062,-0.0739244
0.256,0.00291889
0.2292,-0.0515697
0.1738,0.0302482
0.145,-0.0319431
0.116,-0.0264198
0.0863,-0.0195018
0.0259,0.0685407
0.0092,-0.0388924
0.0116,-0.0875424
0.0636,-0.221873
0.0963,-0.178876
0.1271,-0.179493
0.1562,-0.180328
0.2096,-0.25107
0.2338,-0.181639
0.2556,-0.179468
0.2939,-0.227909
0.3102,-0.175307
0.3243,-0.17232
0.3468,-0.197572
0.3552,-0.163554
0.3614,-0.159203
0.3682,-0.162029
0.3687,-0.146333
0.3673,-0.141416
0.3641,-0.136436
0.3523,-0.112782
0.3437,-0.119478
0.3335,-0.113772
0.3083,-0.0716069
0.2933,-0.0948451
0.2771,-0.0890836
0.2404,-0.031002
0.22,-0.0686761
0.1988,-0.0630261
0.178,-0.0604688
0.1428,-0.0180183
0.1284,-0.0680704
0.1142,-0.0661375
0.0828,-0.0172594
0.0657,-0.0504069
0.048,-0.0458212
0.0296,-0.0408548
0.0104,-0.0354898
-0.0298,0.0245561
-0.0508,-0.0202443
-0.072,-0.0160176
-0.1155,0.0479154
-0.1378,-0.0016789
-0.1599,0.00172444
-0.2047,0.0669243
-0.2272,0.0146177
-0.271,0.0761306
-0.2925,0.0236717
-0.3135,0.0261777
-0.3546,0.084218
-0.3747,0.0348252
-0.394,0.0363045
-0.4129,0.0387303
-0.4492,0.0891481
-0.4666,0.044618
-0.4831,0.0453866
-0.499,0.0468134
-0.5265,0.0810775
0.5348,-1
0.5577,-0.235637
0.5153,-0.0635339
-0.4629,1
-0.4432,-0.0528674
-0.4209,-0.0631791
-0.3985,-0.0672034
-0.3544,-0.129567
-0.3328,-0.0764089
-0.3121,-0.0776409
-0.2721,-0.133257
-0.2529,-0.0840002
-0.2346,-0.0848399
-0.2,-0.131964
-0.1837,-0.088537
-0.1685,-0.0883533
-0.1539,-0.0893325
-0.1402,-0.0894018
-0.1151,-0.122525
-0.1038,-0.0896159
-0.0936,-0.0885856
-0.0757,-0.111124
-0.0681,-0.0864192
-0.0615,-0.0850244
-0.0558,-0.0837271
-0.0472,-0.0925335
-0.0442,-0.0789017
-0.0421,-0.0769812
-0.041,-0.0746342
-0.0406,-0.0729227
-0.0426,-0.0664995
-0.0448,-0.0655957
-0.0477,-0.0633063
-0.0515,-0.0603536
-0.0613,-0.0434738
-0.0673,-0.0519996
-0.0739,-0.0493085
-0.089,-0.0251825
-0.0975,-0.0403321
-0.1064,-0.0377339
-0.1159,-0.0345229
-0.1362,-0.0036665
-0.1471,-0.0254508
-0.1582,-0.0229564
-0.1697,-0.0198834
-0.1814,-0.0172765
-0.2058,0.019116
-0.2183,-0.00867766
-0.2308,-0.00641956
-0.2562,0.0306694
-0.2691,0.00144771
-0.2817,0.00298296
-0.2944,0.00554996
-0.3195,0.0413455
-0.3319,0.0115529
-0.344,0.013022
-0.3559,0.0147128
-0.3791,0.0474197
-0.3904,0.019475
-0.4012,0.0202317
-0.4116,0.0211748
-0.4315,0.0487788
-0.4409,0.0240549
-0.4497,0.0242268
-0.4581,0.0248367
-0.4736,0.0456277
-0.4807,0.0258186
-0.4872,0.025602
-0.4931,0.0252829
-0.5035,0.0386295
-0.508,0.0246887
-0.5118,0.0237571
-0.5178,0.0305337
-0.52,0.0214983
-0.5227,0.0234086
-0.5233,0.0183878
-0.5226,0.01516
-0.5215,0.0141346
-0.5199,0.012769
-0.5152,0.00429617
-0.5121,0.00796881
-0.5086,0.00652051
-0.5003,-0.00687773
-0.4955,0.00129032
-0.4847,-0.0155792
-0.4792,-0.00299375
-0.4745,-0.00163287
-0.4612,-0.0255113
-0.449,-0.0247096
-0.4389,-0.02102
-0.4293,-0.0212865
-0.4093,-0.050896
-0.3991,-0.0277948
-0.3789,-0.0564395
-0.3689,-0.0323037
-0.359,-0.0336563
-0.3395,-0.0611822
-0.3298,-0.0380173
-0.3203,-0.0390607
-0.311,-0.0400724
-0.2929,-0.0653499
-0.2841,-0.043306
-0.2757,-0.0436677
-0.2675,-0.0445022
-0.2518,-0.0660926
-0.2443,-0.046613
-0.2373,-0.046491
-0.2306,-0.0468239
-0.218,-0.0638451
-0.2122,-0.0476148
-0.2069,-0.0472066
-0.1973,-0.0596716
-0.1931,-0.0467037
-0.1892,-0.0465624
-0.1858,-0.04583
-0.1827,-0.0455513
-0.1777,-0.0511607
-0.1758,-0.043605
-0.1742,-0.0430676
-0.1723,-0.0440982
-0.1719,-0.0403223
-0.1718,-0.0395241
-0.1722,-0.0381336
-0.1728,-0.0374655
-0.1751,-0.0327126
-0.1768,-0.0338713
-0.1787,-0.0329745
-0.1835,-0.0247527
-0.1863,-0.0292514
-0.1893,-0.0281591
-0.1926,-0.0267609
-0.2,-0.0150502
-0.2039,-0.0231386
-0.2081,-0.0215782
-0.2124,-0.0205039
-0.2215,-0.00672188
-0.2262,-0.0169357
-0.2311,-0.0154979
-0.236,-0.0145635
-0.2461,0.000411222
-0.2512,-0.0112393
-0.2564,-0.0099932
-0.2615,-0.00926778
-0.2666,-0.00828813
-0.2769,0.00673189
-0.282,-0.00541325
-0.2919,0.00853208
-0.2966,-0.00367788
-0.3012,-0.00302623
-0.3057,-0.00239049
-0.3101,-0.0017707
-0.3193,0.0120618
-0.3284,0.0135075
-0.3481,0.043826
-0.3918,0.11218
-0.4064,0.0413861
-0.4533,0.131276
-0.4997,0.138275
-0.5448,0.143042
-0.6309,0.261797
-0.6717,0.154757
-0.71,0.155364
-0.7466,0.157707
-0.8144,0.248587
-0.8455,0.16163
-0.8739,0.160061
-0.9002,0.15965
-0.9245,0.15915
-0.9467,0.15804
-0.9847,0.204895
-1.0004,0.151664
-1.0136,0.147997
-1.0246,0.144707
-1.0333,0.140766
-1.0399,0.136967
-1.0443,0.132533
-1.0466,0.127985
-1.0445,0.116863
-1.0413,0.113879
-1.0473,0.13851
-1.0782,0.207136
-1.1189,0.239358
-1.1723,0.281135
-1.27,0.410461
-1.3138,0.282447
-1.3532,0.278666
-1.3889,0.27602
-1.4211,0.273279
-1.4496,0.269397
-1.4957,0.322383
-1.5132,0.253732
-1.5266,0.246233
-1.5363,0.239102
-1.5423,0.231328
-1.5481,0.232358
-1.5439,0.206898
-1.5367,0.198588
-1.5262,0.18894
-1.5124,0.178713
-1.4953,0.167904
-1.4752,0.157323
-1.426,0.0757474
-1.397,0.122167
-1.3657,0.111363
-1.3318,0.0993369
-1.2956,0.0876545
-1.2569,0.075018
-1.1732,-0.0528073
-1.1282,0.0374439
-1.0822,0.0272627
-1.0347,0.0155413
-0.9856,0.00327178
-0.9405,0.00582458
-0.9635,0.182114
-1.0087,0.246393
-1.0555,0.258953
-1.0993,0.259388
-1.1401,0.259315
-1.2123,0.351601
-1.2436,0.254208
-1.2709,0.2493
-1.2969,0.25099
-1.3194,0.246523
-1.3538,0.283028
-1.3657,0.228753
-1.3737,0.220766
-1.3784,0.213719
-1.3797,0.205828
-1.3723,0.183034
-1.3636,0.178696
-1.3518,0.169268
-1.337,0.159564
-1.3228,0.15905
-1.3543,0.280395
-1.4075,0.344941
-1.4742,0.39116
-1.5429,0.408714
-1.6069,0.408551
-1.7202,0.553375
-1.7693,0.400432
-1.8124,0.393412
-1.8503,0.387518
-1.9107,0.455511
-1.9332,0.364391
-1.9499,0.353319
-1.9614,0.342858
-1.9695,0.336352
-1.966,0.307117
-1.9576,0.293942
-1.9445,0.280448
-1.9267,0.266128
-1.8777,0.179437
-1.8466,0.219836
-1.8117,0.204767
-1.7729,0.188753
-1.7251,0.158275
-1.7175,0.259036
-1.7349,0.325783
-1.7957,0.446579
-1.8262,0.376008
-1.8513,0.367377
-1.8713,0.358621
-1.8964,0.376518
-1.9015,0.327551
-1.9016,0.315586
-1.8969,0.303289
-1.8737,0.253164
-1.8552,0.262433
-1.8326,0.248759
-1.8057,0.233821
-1.7397,0.124172
-1.7008,0.186391
-1.6587,0.17153
-1.6132,0.155555
-1.5122,-0.00168481
-1.4569,0.104556
-1.3997,0.0902568
-1.2776,-0.0944777
-1.213,0.039854
-1.1475,0.0265466
-1.0802,0.01063
-0.9409,-0.195146
-0.8753,-0.0201975
-0.8233,0.00535228
-0.7764,0.0103131
-0.7092,-0.0524241
-0.6749,0.0248949
-0.6402,0.0180498
-0.6045,0.00950328
-0.5305,-0.0999303
-0.4924,-0.0157608
-0.4543,-0.0222518
-0.3768,-0.135125
-0.3374,-0.04568
-0.2985,-0.0511006
-0.2205,-0.163357
-0.1815,-0.0716219
-0.1433,-0.0762155
-0.1054,-0.0820321
-0.0306,-0.188239
0.0061,-0.0984394
0.0416,-0.101615
0.0765,-0.106212
0.144,-0.200348
0.1766,-0.117971
0.2073,-0.118597
0.2287,-0.0989243
0.2303,-0.0492863
0.2216,-0.0218365
0.2122,-0.0185014
0.2024,-0.0158508
0.1817,0.0152203
0.1595,0.0228255
0.1482,-0.00277639
0.1257,0.0293851
0.1143,0.00330706
0.103,0.00499042
0.0917,0.00693012
0.0692,0.0391107
0.058,0.0125119
0.0471,0.0136394
0.0363,0.0152581
0.0153,0.0446703
0.0052,0.0189075
-0.0046,0.0198607
-0.0232,0.0453324
-0.032,0.0221329
-0.0404,0.0226016
-0.0804,0.109395
-0.0949,0.0475682
-0.1147,0.0644426
-0.1374,0.0757705
-0.1805,0.134858
-0.2007,0.0806265
-0.2196,0.0807145
-0.2375,0.0813916
-0.27,0.124016
-0.2846,0.081461
-0.2978,0.0803288
-0.3099,0.0797664
-0.3305,0.104933
-0.339,0.075978
-0.3461,0.0737984
-0.3567,0.0846052
-0.3601,0.06714
-0.3623,0.0646163
-0.3633,0.0618836
-0.3617,0.0551619
-0.3592,0.052575
-0.3556,0.04929
-0.3451,0.030153
-0.3382,0.0381541
-0.3304,0.0346331
-0.3119,0.00449474
-0.3012,0.0224256
-0.2898,0.018768
-0.2776,0.0147142
-0.2509,-0.0264699
-0.2365,0.00215631
-0.2217,-0.0013598
-0.2062,-0.00576072
-0.1738,-0.054025
-0.1568,-0.0180517
-0.1397,-0.0212392
-0.1046,-0.0727752
-0.0866,-0.0327076
-0.0688,-0.0352837
-0.0327,-0.0877759
-0.0146,-0.0454776
0.0033,-0.0480955
0.0386,-0.0981999
0.0561,-0.0563259
0.0728,-0.057243
0.0892,-0.0593758
0.118,-0.0957485
0.1315,-0.0595149
0.1442,-0.0597586
0.1565,-0.0609466
0.1799,-0.093116
0.1909,-0.063789
0.2013,-0.0641558
0.2112,-0.0646914
0.2294,-0.0889006
0.2377,-0.065431
0.2453,-0.065072
0.2588,-0.0824114
0.2647,-0.06434
0.2699,-0.0635707
0.2744,-0.0626808
0.2817,-0.0711192
0.2844,-0.0600714
0.2865,-0.0590195
0.2888,-0.0600234
0.2891,-0.0551235
0.2888,-0.0536539
0.2879,-0.0520794
0.2844,-0.0450002
0.2818,-0.0469146
0.2787,-0.0452058
0.271,-0.0323396
0.2664,-0.039455
0.2614,-0.0376615
0.2502,-0.0201378
0.2439,-0.0314941
0.2374,-0.0299359
0.2232,-0.00809242
0.2157,-0.0237749
0.208,-0.0219974
0.1918,0.00222547
0.1834,-0.0160666
0.1749,-0.0143909
0.1663,-0.0126948
0.1487,0.0130493
0.14,-0.00795331
0.1395,-0.0286183
0.1647,-0.0979614
0.1475,0.0120484
0.1491,-0.0357511
0.1638,-0.0714477
0.1712,-0.0543637
0.1782,-0.0546348
0.1847,-0.0545684
0.1968,-0.0708853
0.2022,-0.0549779
0.2071,-0.0546401
0.2156,-0.0652854
0.2192,-0.0536149
0.2224,-0.0532383
0.225,-0.0522528
0.229,-0.0565629
0.2304,-0.0503201
0.2312,-0.0490228
0.2316,-0.0481609
0.2311,-0.0458794
0.2302,-0.0447904
0.2289,-0.0436311
0.2249,-0.0361921
0.2224,-0.0396188
0.2194,-0.0379074
0.2161,-0.0366475
0.2084,-0.0242651
0.2041,-0.0321693
0.1994,-0.0304071
0.1893,-0.0150747
0.1837,-0.0255227
0.1781,-0.0246063
0.166,-0.00613974
0.1596,-0.0194701
0.1532,-0.0184058
0.1466,-0.0167993
0.133,0.00320251
0.126,-0.0122843
0.119,-0.0111038
0.1049,0.00924726
0.0978,-0.0072226
0.0908,-0.00628502
0.0768,0.0138056
0.0698,-0.00267223
0.0631,-0.0022826
0.0498,0.0166851
0.0434,0.000364047
0.0371,0.00119771
0.0251,0.0176745
0.0193,0.00302451
0.0139,0.00295157
0.0035,0.0173891
-0.0014,0.00435668
-0.0059,0.00413347
-0.0143,0.0154508
-0.0181,0.00450462
-0.0248,0.013004
-0.0277,0.00392412
-0.0324,0.00929976
-0.0343,0.00257273
-0.0359,0.00210642
-0.0382,0.00428796
-0.039,0.000653179
-0.0394,-0.000273729
-0.0395,-0.00100042
0.0532,-0.251505
0.095,-0.130305
0.0804,0.0146242
0.037,0.0949006
0.0809,-0.133215
0.1738,-0.273201
0.2197,-0.162605
0.2637,-0.165571
0.3477,-0.281338
0.3877,-0.177345
0.4254,-0.178256
0.4959,-0.273539
0.5287,-0.184246
0.5589,-0.183137
0.6138,-0.255287
0.6383,-0.183016
0.6797,-0.233138
0.6971,-0.175809
0.7119,-0.172066
0.7352,-0.197841
0.7437,-0.162205
0.7498,-0.157462
0.7559,-0.158782
0.7558,-0.143365
0.7494,-0.126595
0.7432,-0.12627
0.7352,-0.120579
0.7136,-0.0827131
0.6851,-0.060552
0.6719,-0.0971098
0.6777,-0.146326
0.6989,-0.189144
0.7644,-0.312684
0.8001,-0.243936
0.8327,-0.242075
0.8898,-0.314197
0.9144,-0.236734
0.9535,-0.280488
0.9685,-0.22258
0.9804,-0.217159
0.9957,-0.228749
0.9992,-0.199903
0.9999,-0.193293
0.9932,-0.173776
0.9859,-0.171321
0.9639,-0.130693
0.9491,-0.146613
0.9323,-0.138949
0.8919,-0.0726149
0.8684,-0.111483
0.8433,-0.103351
0.7875,-0.0163682
0.757,-0.0751876
0.7254,-0.0671446
0.6578,0.0353223
0.622,-0.0389396
0.5857,-0.0315446
0.5102,0.08043
0.4711,-0.0048204
0.3931,0.106872
0.3538,0.015889
0.3149,0.0215566
0.2367,0.134347
0.1975,0.0426417
0.1592,0.0469949
0.0833,0.155144
0.0459,0.0644382
0.0097,0.0677182
-0.0228,0.0640514
0.0132,-0.115194
0.148,-0.388223
0.2501,-0.323547
0.3637,-0.372519
0.5863,-0.686764
0.6935,-0.414309
0.7967,-0.422477
0.9922,-0.689965
1.0843,-0.445309
1.171,-0.447191
1.3314,-0.661708
1.4048,-0.455309
1.472,-0.451872
1.5915,-0.605309
1.6438,-0.445306
1.729,-0.543822
1.7631,-0.421339
1.7909,-0.410885
1.8306,-0.448476
1.849,-0.398528
1.8185,-0.270352
1.797,-0.289935
1.771,-0.274637
1.7055,-0.164054
1.6662,-0.223919
1.5774,-0.0839783
1.5276,-0.174285
1.4753,-0.159351
1.4197,-0.141802
1.2996,0.0415663
1.2377,-0.0950121
1.1744,-0.080835
1.0406,0.12016
0.9704,-0.0285154
0.8999,-0.0157671
0.7545,0.198458
0.68,0.032198
0.6061,0.0433661
0.4566,0.260174
0.3813,0.0858227
0.3075,0.0948019
0.2339,0.107054
0.088,0.315026
0.0159,0.14125
-0.0538,0.147364
-0.1641,0.269171
-0.1845,0.0457935
-0.1705,-0.0434504
-0.045,-0.34686
0.0478,-0.280493
0.1439,-0.305634
0.3305,-0.566801
0.4206,-0.338995
0.5073,-0.345702
0.6722,-0.572143
0.7503,-0.366847
0.8239,-0.368599
0.894,-0.37229
1.0237,-0.545746
1.083,-0.378694
1.1372,-0.375654
1.2337,-0.499709
1.2758,-0.370122
1.3128,-0.364142
1.374,-0.436385
1.3982,-0.347654
1.4175,-0.339127
1.4326,-0.33164
1.4504,-0.342053
1.4193,-0.213636
1.4003,-0.241349
1.3522,-0.159941
1.3229,-0.202748
1.2907,-0.190247
1.2168,-0.072478
1.1753,-0.147448
1.1317,-0.134925
1.037,0.0102677
0.9859,-0.0912441
0.9337,-0.0796789
0.8237,0.0851714
0.7661,-0.0373524
0.7082,-0.0267367
0.5887,0.149445
0.5274,0.0130021
0.4665,0.0224552
0.3433,0.201133
0.2811,0.0578602
0.22,0.0656641
0.0983,0.23987
0.0378,0.0958788
-0.021,0.101848
-0.0791,0.11024
-0.1861,0.252436
-0.2354,0.115421
-0.2484,0.0261151
-0.2429,-0.0214744
-0.2258,-0.0536703
-0.2085,-0.0571218
-0.1737,-0.10732
-0.1563,-0.0663664
-0.1394,-0.068004
-0.106,-0.115456
-0.0896,-0.0753605
-0.0738,-0.076576
-0.0433,-0.118998
-0.0286,-0.0816571
-0.0146,-0.0823262
0.0117,-0.117974
0.0241,-0.0850476
0.0356,-0.0847928
0.0568,-0.113002
0.0664,-0.0854085
0.0751,-0.0846787
0.0831,-0.0843345
0.0969,-0.101419
0.1026,-0.0819953
0.1145,-0.0997644
0.1188,-0.0813645
0.1172,-0.0662276
0.1151,-0.0646378
0.1122,-0.0621501
0.169,-0.222856
0.183,-0.117289
0.2245,-0.19404
0.3343,-0.38576
0.3904,-0.260083
0.4432,-0.261109
0.5415,-0.393323
0.5868,-0.267597
0.6285,-0.265992
0.7036,-0.363663
0.7369,-0.264175
0.7666,-0.260524
0.8171,-0.322128
0.8379,-0.251046
0.8552,-0.245515
0.8809,-0.271505
0.8892,-0.229319
0.8944,-0.222701
0.8959,-0.213923
0.8923,-0.20072
0.8859,-0.192833
0.865,-0.152868
0.8505,-0.166787
0.8336,-0.158062
0.8144,-0.149182
0.7688,-0.0748292
0.7427,-0.119766
0.7148,-0.110597
0.6533,-0.0152527
0.6198,-0.08032
0.5852,-0.0717063
0.5115,0.0397014
0.4726,-0.0415443
0.4332,-0.0335571
0.3514,0.08765
0.3092,-0.00508498
0.267,0.00218436
0.2244,0.0105479
0.1377,0.136974
0.0939,0.0362587
0.0509,0.0417207
-0.0351,0.165306
-0.0778,0.0634467
-0.1194,0.0679646
-0.2412,0.291793
-0.3508,0.280221
-0.3674,0.0484154
-0.3581,-0.0184828
-0.332,-0.0653423
-0.2966,-0.0948982
-0.2111,-0.23624
-0.1683,-0.13583
-0.087,-0.247192
-0.0478,-0.14771
-0.0104,-0.149684
0.0615,-0.249357
0.0958,-0.160431
0.1282,-0.161327
0.189,-0.243705
0.2174,-0.166921
0.2436,-0.166018
0.2915,-0.229263
0.313,-0.166459
0.3323,-0.164382
0.3659,-0.206473
0.3801,-0.160093
0.3922,-0.157034
0.411,-0.177369
0.4178,-0.148396
0.4254,-0.151886
0.4264,-0.135539
0.4256,-0.130999
0.419,-0.115344
0.4131,-0.116223
0.4056,-0.111012
0.3861,-0.0774419
0.374,-0.0941432
0.3607,-0.0889157
0.33,-0.0397383
0.3127,-0.070662
0.2945,-0.0653151
0.2547,-0.00392012
0.2333,-0.0467269
0.1887,0.0195675
0.1654,-0.0302075
0.1418,-0.0253821
0.0928,0.0472671
0.0675,-0.00818592
0.0423,-0.00405785
-0.009,0.0707944
-0.035,0.0114582
-0.086,0.0835067
-0.1364,0.0908276
-0.2082,0.157455
-0.2299,0.0348147
-0.2473,0.0270755
-0.2427,-0.0291947
-0.1915,-0.155724
-0.1523,-0.132209
-0.1069,-0.155746
-0.018,-0.281081
0.0251,-0.172961
0.1051,-0.280121
0.1426,-0.179397
0.1779,-0.180059
0.2438,-0.268899
0.2743,-0.184926
0.3024,-0.183869
0.3532,-0.250166
0.3759,-0.183299
0.3961,-0.180644
0.4308,-0.223454
0.4451,-0.174588
0.4667,-0.196946
0.4743,-0.163082
0.4797,-0.158631
0.4844,-0.157847
0.4838,-0.144523
0.4812,-0.139183
0.4704,-0.116753
0.4622,-0.122045
0.4523,-0.116179
0.4274,-0.0741056
0.4124,-0.0966267
0.3961,-0.0906355
0.3592,-0.0323067
0.3387,-0.0702561
0.3172,-0.0640888
0.2708,0.00678421
0.2459,-0.0432439
0.2205,-0.0376263
0.1672,0.0420602
0.1394,-0.0175262
0.0835,0.063147
0.055,-0.00108619
0.0267,0.00333529
-0.0305,0.0862938
-0.0594,0.0198966
-0.0878,0.0236167
-0.1444,0.104742
-0.2281,0.187844
-0.3042,0.182028
-0.2864,-0.0580766
-0.2515,-0.107256
-0.2295,-0.0784422
-0.2079,-0.0811289
-0.1654,-0.141257
-0.1445,-0.0903134
-0.1052,-0.143592
-0.0864,-0.0950788
-0.0686,-0.0956349
-0.0347,-0.142188
-0.0188,-0.0995044
-0.0039,-0.0995766
0.0103,-0.100289
0.0362,-0.134361
0.0479,-0.100562
0.0585,-0.0996534
0.077,-0.122853
0.0849,-0.0974949
0.0917,-0.0959343
0.1023,-0.107413
0.1062,-0.0912112
0.109,-0.0889589
0.1117,-0.089215
0.1117,-0.0824353
0.1106,-0.0795034
0.1058,-0.0693596
0.1064,-0.0831352
0.1172,-0.110813
0.1613,-0.202642
0.1888,-0.165586
0.2145,-0.165596
0.2611,-0.226584
0.282,-0.165432
0.3007,-0.16324
0.3329,-0.203056
0.3464,-0.15831
0.3578,-0.155117
0.3753,-0.173698
0.3814,-0.146106
0.3878,-0.148111
0.3882,-0.133162
0.3869,-0.128774
0.3791,-0.111129
0.3728,-0.113944
0.3648,-0.10838
0.3444,-0.0736285
0.318,-0.053982
0.269,0.0115376
0.2389,-0.0310163
0.2317,-0.0876615
0.2283,-0.0967408
0.2257,-0.0983837
0.217,-0.0815374
0.2111,-0.0876498
0.2041,-0.0837206
0.187,-0.0552991
0.177,-0.0715425
0.1545,-0.0361083
0.142,-0.0592263
0.1289,-0.0554703
0.1003,-0.0113789
0.0849,-0.0420519
0.0691,-0.0383097
0.0358,0.0116732
0.0183,-0.025176
-0.0171,0.026201
-0.0353,-0.014043
-0.0714,0.0374745
-0.0894,-0.00505851
-0.1092,0.00297656
-0.0956,-0.0836979
-0.087,-0.0725433
-0.0703,-0.0958845
-0.0628,-0.0739413
-0.056,-0.0733407
-0.0441,-0.0882787
-0.039,-0.0719849
-0.031,-0.0806921
-0.028,-0.0685809
-0.0257,-0.0672058
-0.023,-0.0686789
-0.0225,-0.0632035
-0.0236,-0.0589636
-0.0251,-0.0576836
-0.0272,-0.0557931
-0.033,-0.0454279
-0.0369,-0.0495328
-0.046,-0.0348002
-0.0513,-0.0434535
-0.0571,-0.0411602
-0.07,-0.0209592
-0.0771,-0.0343399
-0.0923,-0.0112053
-0.1003,-0.0279561
-0.117,-0.00303656
-0.1348,0.00289087
-0.1439,-0.0174409
-0.1621,0.00876553
-0.1714,-0.0120271
-0.1806,-0.010614
-0.1993,0.0167023
-0.2087,-0.00507027
-0.2265,0.0193207
-0.2345,-0.00394976
-0.2361,-0.0197508
-0.2133,-0.085265
-0.1998,-0.0640693
-0.1867,-0.0652807
-0.1616,-0.0999035
-0.1496,-0.0688682
-0.1276,-0.0979118
-0.1175,-0.069586
-0.108,-0.0696912
-0.0908,-0.0921027
-0.083,-0.0696999
-0.0696,-0.0861533
-0.0639,-0.0676833
-0.0589,-0.0667679
-0.0509,-0.0757208
-0.0479,-0.0636028
-0.0439,-0.0668106
-0.0429,-0.0593955
-0.0425,-0.0579358
-0.0437,-0.0536718
-0.0452,-0.0526374
0.0649,-0.353651
0.0622,-0.0683809
0.024,0.0279105
0.0116,-0.0350759
0.0273,-0.108776
0.057,-0.149325
0.0706,-0.111068
0.0829,-0.109959
0.1042,-0.136434
0.1132,-0.106984
0.1208,-0.104815
0.1328,-0.118063
0.1371,-0.0994168
0.1402,-0.0969749
0.1429,-0.0964841
0.1426,-0.088905
0.1352,-0.0697327
0.118,-0.042028
0.1102,-0.0644399
0.0926,-0.0366568
0.0826,-0.0541308
0.072,-0.0507915
0.0484,-0.013867
0.0356,-0.0389168
0.0087,0.00137416
-0.0055,-0.028215
-0.0199,-0.0251919
-0.0501,0.0199869
-0.0657,-0.0141352
-0.0814,-0.0111171
-0.1135,0.0359296
-0.1298,-0.00107879
-0.1619,0.0444692
-0.1779,0.00666733
-0.1936,0.00871341
-0.2246,0.0528283
-0.2399,0.0159353
-0.254,0.0154503
-0.2707,0.0250194
-0.2694,-0.0205662
-0.2649,-0.0293414
-0.2558,-0.0424568
-0.2512,-0.0318116
-0.2424,-0.0438693
-0.2381,-0.0331761
-0.2339,-0.033577
-0.2259,-0.0444907
-0.222,-0.0347433
-0.2183,-0.0348097
-0.2114,-0.0440215
-0.2081,-0.0354366
-0.2051,-0.0351329
-0.1995,-0.0426071
-0.1969,-0.0354189
-0.1946,-0.0349966
-0.1906,-0.0399223
-0.1889,-0.0343473
-0.1862,-0.0372802
-0.1851,-0.0333694
-0.1843,-0.0326891
-0.1829,-0.0343863
-0.1957,0.00376721
-0.1918,-0.0390156
-0.1334,-0.186768
-0.0971,-0.137263
-0.065,-0.132234
-0.0377,-0.124863
-0.0258,-0.0880445
-0.0052,-0.113603
0.0037,-0.0856138
0.0114,-0.0839305
0.0242,-0.0990485
0.0292,-0.0802354
0.0361,-0.0862485
0.0381,-0.0742377
0.0392,-0.0721703
0.0386,-0.0677862
0.0371,-0.0652646
0.0346,-0.0623154
0.0274,-0.0492014
0.0225,-0.054162
0.017,-0.0516935
0.0039,-0.0302202
-0.0037,-0.042781
-0.0204,-0.0168842
-0.0296,-0.0342072
-0.0391,-0.0317796
-0.0596,-0.00040926
-0.0705,-0.0227244
-0.0816,-0.020256
-0.1048,0.014378
-0.1168,-0.0117696
-0.1408,0.0227636
-0.153,-0.00485194
-0.1651,-0.00293833
